select * from third_market_category where third_source_id in ('AO:11065','AO:11066','AO:11067','AO:11068','AO:11069','AO:11070','AO:11071','AO:11072','AO:11073','AO:11074','AO:11075','AO:11076','AO:11077','AO:11078','AO:11079','AO:11080','AO:11081','AO:11082','AO:11083','AO:11084')

select *   from  i18n_market_category where data_source_code = 'AO' and name_code in(
select name_code from third_market_category_field where market_category_id  in(
    1655813702292205569,
    1763866848725430273,
    1763866848717041665,
    1763866848788344833,
    1763866848859648001,
    1763866848784150530,
    1763866848868036610,
    1763866848800927745,
    1763866848805122049,
    1763866848767373313,
    1763866848805122053,
    1763866848889008133,
    1763866848842870786,
    1763866848842870790,
    1763866848813510658,
    1763866848784150534,
    1763866848855453698,
    1763866848939339778,
    1763866848943534082,
    1763866848817704961)
);



-------1. 查询这些id数据，是否存在
select * from third_market_category where id in (
1655813702292205569,
1763866848725430273,
1763866848717041665,
1763866848788344833,
1763866848859648001,
1763866848784150530,
1763866848868036610,
1763866848800927745,
1763866848805122049,
1763866848767373313,
1763866848805122053,
1763866848889008133,
1763866848842870786,
1763866848842870790,
1763866848813510658,
1763866848784150534,
1763866848855453698,
1763866848939339778,
1763866848943534082,
1763866848817704961
);

-------2.删除这些玩法，从新配置这些玩法

delete  from  third_market_category where data_source_code = 'AO' and id in (
1655813702292205569,
1763866848725430273,
1763866848717041665,
1763866848788344833,
1763866848859648001,
1763866848784150530,
1763866848868036610,
1763866848800927745,
1763866848805122049,
1763866848767373313,
1763866848805122053,
1763866848889008133,
1763866848842870786,
1763866848842870790,
1763866848813510658,
1763866848784150534,
1763866848855453698,
1763866848939339778,
1763866848943534082,
1763866848817704961
);

--------3.配置三方玩法数据

delete from third_market_category where id = 1655813702292205569;

INSERT INTO `third_market_category` (`id`,`name_code`,`fields_num`,`third_source_id`,`reference_id`,`data_source_code`,`active`,`create_time`,`modify_time`) VALUES
('1655813702292205569','1655813702292205570','7','AO:11051','3100408','AO','1','1709373602454','1719964515988'),
('1763866848725430273','1763866848725430274','2','AO:11065','41','AO','1','1709373602454','1719964515988'),
('1763866848717041665','1763866848717041666','6','AO:11066','400','AO','1','1709373602452','1719964418450'),
('1763866848788344833','1763866848788344834','2','AO:11067','401','AO','1','1709373602469','1719964515983'),
('1763866848859648001','1763866848859648002','2','AO:11068','402','AO','1','1709373602486','1719964418461'),
('1763866848784150530','1763866848784150531','2','AO:11069','403','AO','1','1709373602468','1719964515985'),
('1763866848868036610','1763866848868036611','2','AO:11070','404','AO','1','1709373602488','1719964515986'),
('1763866848800927745','1763866848800927746','2','AO:11071','405','AO','1','1709373602472','1719964418432'),
('1763866848805122049','1763866848805122050','2','AO:11072','405','AO','1','1709373602473','1719964515988'),
('1763866848767373313','1763866848767373314','2','AO:11073','405','AO','1','1709373602464','1719964515993'),
('1763866848805122053','1763866848805122054','2','AO:11074','405','AO','1','1709373602473','1719964515991'),
('1763866848889008133','1763866848889008134','2','AO:11075','406','AO','1','1709373602493','1719964515993'),
('1763866848842870786','1763866848842870787','2','AO:11076','406','AO','1','1709373602482','1719964418455'),
('1763866848842870790','1763866848842870791','2','AO:11077','406','AO','1','1709373602482','1719964515997'),
('1763866848813510658','1763866848813510659','2','AO:11078','406','AO','1','1709373602475','1719964418471'),
('1763866848784150534','1763866848784150535','3','AO:11079','407','AO','1','1709373602468','1719964516003'),
('1763866848855453698','1763866848855453699','3','AO:11080','407','AO','1','1709373602485','1719964418470'),
('1763866848939339778','1763866848939339779','3','AO:11081','407','AO','1','1709373602505','1719964515998'),
('1763866848943534082','1763866848943534083','3','AO:11082','407','AO','1','1709373602506','1719964515999'),
('1763866848817704961','1763866848817704962','2','AO:11083','3100409','AO','1','1709373602476','1719964418476');

-------4.处理三方玩法国际化-----三方玩法国际化无需处理，只需将已有的同步到其它环境
---查询相关多语言name_code是否已经存在
select *  from  i18n_market_category where data_source_code = 'AO' and name_code in(
    select name_code from third_market_category where id in (
    1655813702292205569,
    1763866848725430273,
    1763866848717041665,
    1763866848788344833,
    1763866848859648001,
    1763866848784150530,
    1763866848868036610,
    1763866848800927745,
    1763866848805122049,
    1763866848767373313,
    1763866848805122053,
    1763866848889008133,
    1763866848842870786,
    1763866848842870790,
    1763866848813510658,
    1763866848784150534,
    1763866848855453698,
    1763866848939339778,
    1763866848943534082,
    1763866848817704961
    )
);

------删除旧语言数据----三方多语言不需要调整---暂不删除

delete  from  i18n_market_category where data_source_code = 'AO' and name_code in(
    select name_code from third_market_category where id in (
    1763866848725430273,
    1763866848717041665,
    1763866848788344833,
    1763866848859648001,
    1763866848784150530,
    1763866848868036610,
    1763866848800927745,
    1763866848805122049,
    1763866848767373313,
    1763866848805122053,
    1763866848889008133,
    1763866848842870786,
    1763866848842870790,
    1763866848813510658,
    1763866848784150534,
    1763866848855453698,
    1763866848939339778,
    1763866848943534082,
    1763866848817704961
    )
);

-----插入新语言数据


INSERT INTO `i18n_market_category` (`name_code`,`flag`,`data_source_code`,`language_type`,`text`,`create_time`,`modify_time`) VALUES
('1763866848717041666','2','AO','en','Double Result(incl.overtime)','1719994180853','1719994180853'),
('1763866848725430274','2','AO','en','Will there be overtime','1719994180853','1719994180853'),
('1763866848767373314','2','AO','en','3rd quarter - Home Team to Score {!pointnr} Points','1719994180853','1719994180853'),
('1763866848784150531','2','AO','en','Last Team To Score(incl.overtime)','1719994180853','1719994180853'),
('1763866848784150535','2','AO','en','1st quarter - Double Chance','1719994180853','1719994180853'),
('1763866848788344834','2','AO','en','First Team To Score(incl.overtime)','1719994180853','1719994180853'),
('1763866848800927746','2','AO','en','1st quarter - Home Team to Score {!pointnr} Points','1719994180853','1719994180853'),
('1763866848805122050','2','AO','en','2nd quarter - Home Team to Score {!pointnr} Points','1719994180853','1719994180853'),
('1763866848805122054','2','AO','en','4th quarter - Home Team to Score {!pointnr} Points','1719994180853','1719994180853'),
('1763866848813510659','2','AO','en','4th quarter - Away Team to Score {!pointnr} Points','1719994180853','1719994180853'),
('1763866848817704962','2','AO','en','1st half - Race To {!pointnr} Points','1719994180853','1719994180853'),
('1763866848842870787','2','AO','en','2nd quarter - Away Team to Score {!pointnr} Points','1719994180853','1719994180853'),
('1763866848842870791','2','AO','en','3rd quarter - Away Team to Score {!pointnr} Points','1719994180853','1719994180853'),
('1763866848855453699','2','AO','en','2nd quarter - Double Chance','1719994180853','1719994180853'),
('1763866848859648002','2','AO','en','Highest Scoring Half(incl.overtime)','1719994180853','1719994180853'),
('1763866848868036611','2','AO','en','2nd Half - Race To {!pointnr} Points','1719994180853','1719994180853'),
('1763866848889008134','2','AO','en','1st quarter - Away Team to Score {!pointnr} Points','1719994180853','1719994180853'),
('1763866848939339779','2','AO','en','3rd quarter - Double Chance','1719994180853','1719994180853'),
('1763866848943534083','2','AO','en','4th quarter - Double Chance','1719994180853','1719994180853');

-----处理三方赛种表

delete  from  third_sport_market_category where market_category_id in(
    1763866848725430273,
    1763866848717041665,
    1763866848788344833,
    1763866848859648001,
    1763866848784150530,
    1763866848868036610,
    1763866848800927745,
    1763866848805122049,
    1763866848767373313,
    1763866848805122053,
    1763866848889008133,
    1763866848842870786,
    1763866848842870790,
    1763866848813510658,
    1763866848784150534,
    1763866848855453698,
    1763866848939339778,
    1763866848943534082,
    1763866848817704961
);

------插入赛种数据

INSERT INTO `third_sport_market_category` (`sport_id`,`market_category_id`,`create_time`,`modify_time`) VALUES
('2','1763866848717041665','1719994180853','1719994180853'),
('2','1763866848725430273','1719994180853','1719994180853'),
('2','1763866848767373313','1719994180853','1719994180853'),
('2','1763866848784150530','1719994180853','1719994180853'),
('2','1763866848784150534','1719994180853','1719994180853'),
('2','1763866848788344833','1719994180853','1719994180853'),
('2','1763866848800927745','1719994180853','1719994180853'),
('2','1763866848805122049','1719994180853','1719994180853'),
('2','1763866848805122053','1719994180853','1719994180853'),
('2','1763866848813510658','1719994180853','1719994180853'),
('2','1763866848817704961','1719994180853','1719994180853'),
('2','1763866848842870786','1719994180853','1719994180853'),
('2','1763866848842870790','1719994180853','1719994180853'),
('2','1763866848855453698','1719994180853','1719994180853'),
('2','1763866848859648001','1719994180853','1719994180853'),
('2','1763866848868036610','1719994180853','1719994180853'),
('2','1763866848889008133','1719994180853','1719994180853'),
('2','1763866848939339778','1719994180853','1719994180853'),
('2','1763866848943534082','1719994180853','1719994180853');


--------处理三方投注项表
DELETE FROM third_market_category_field WHERE market_category_id in(
    1655813702292205569,
    1763866848725430273,
    1763866848717041665,
    1763866848788344833,
    1763866848859648001,
    1763866848784150530,
    1763866848868036610,
    1763866848800927745,
    1763866848805122049,
    1763866848767373313,
    1763866848805122053,
    1763866848889008133,
    1763866848842870786,
    1763866848842870790,
    1763866848813510658,
    1763866848784150534,
    1763866848855453698,
    1763866848939339778,
    1763866848943534082,
    1763866848817704961
);


INSERT INTO `third_market_category_field` (`market_category_id`,`name_code`,`third_source_id`,`reference_id`,`order_no`,`data_source_code`,`create_time`,`modify_time`) VALUES
('1763866848725430273','1763866909886771202','AO:11065:13','159','1','AO','1709373617036','1719963305308'),
('1763866848725430273','1763866909890965507','AO:11065:14','160','2','AO','1709373617037','1711519770579'),
('1763866848717041665','1763866908594925570','AO:11066:215','1809','1','AO','1709373616728','1719963304851'),
('1763866848717041665','1763866907688955907','AO:11066:217','1810','3','AO','1709373616512','1719963305314'),
('1763866848717041665','1763866908603314178','AO:11066:218','1811','4','AO','1709373616730','1719963305312'),
('1763866848717041665','1763866907756064771','AO:11066:220','1812','6','AO','1709373616528','1719963305317'),
('1763866848717041665','1763866909815468034','AO:11066:221','1813','7','AO','1709373617019','1719963305313'),
('1763866848717041665','1763866909916131331','AO:11066:223','1814','9','AO','1709373617043','1719963305248'),
('1763866848788344833','1763866907982557190','AO:11067:15','1815','1','AO','1709373616582','1719963305320'),
('1763866848788344833','1763866909849022467','AO:11067:17','1816','3','AO','1709373617027','1711519770576'),
('1763866848859648001','1763866908611702787','AO:11068:18','1817','1','AO','1709373616732','1711519770444'),
('1763866848859648001','1763866908062248963','AO:11068:19','1818','2','AO','1709373616601','1711519770848'),
('1763866848859648001','1808283281845383171','AO:11068:20','1819','3','AO','1719963305327','1719963305327'),
('1763866848784150530','1763866909844828166','AO:11069:15','1820','1','AO','1709373617026','1711519770512'),
('1763866848784150530','1763866909844828163','AO:11069:17','1821','3','AO','1709373617026','1719963304961'),
('1763866848868036610','1763866908662034435','AO:11070:15','1822','1','AO','1709373616744','1719963305324'),
('1763866848868036610','1763866907835756546','AO:11070:17','1823','3','AO','1709373616547','1719963305345'),
('1763866848800927745','1763866908838195203','AO:11071:13','1824','1','AO','1709373616786','1719963305323'),
('1763866848800927745','1763866907986751490','AO:11071:14','1825','2','AO','1709373616583','1719963305318'),
('1763866848805122049','1763866909911937027','AO:11072:13','1824','1','AO','1709373617042','1719963304852'),
('1763866848805122049','1763866909895159813','AO:11072:14','1825','2','AO','1709373617038','1719963305348'),
('1763866848767373313','1763866907911254022','AO:11073:13','1824','1','AO','1709373616565','1711519770520'),
('1763866848767373313','1763866909874188291','AO:11073:14','1825','2','AO','1709373617033','1711519770658'),
('1763866848805122053','1763866908813029378','AO:11074:13','1824','1','AO','1709373616780','1711519770641'),
('1763866848805122053','1763866907676372995','AO:11074:14','1825','2','AO','1709373616509','1719963305366'),

('1763866848889008133','1763866909882576899','AO:11075:13','1826','1','AO','1709373617035','1711519770704'),
('1763866848889008133','1763866909899354114','AO:11075:14','1827','2','AO','1709373617039','1719963305358'),
('1763866848842870786','1763866908703977478','AO:11076:13','1826','1','AO','1709373616754','1711519770142'),
('1763866848842870786','1763866907793813506','AO:11076:14','1827','2','AO','1709373616537','1719963305363'),
('1763866848842870790','1763866908821417987','AO:11077:13','1826','1','AO','1709373616782','1719963305334'),
('1763866848842870790','1763866908020305928','AO:11077:14','1827','2','AO','1709373616591','1719963305323'),
('1763866848813510658','1763866909928714243','AO:11078:13','1826','1','AO','1709373617046','1719963304962'),
('1763866848813510658','1763866909962268678','AO:11078:14','1827','2','AO','1709373617054','1719963305373'),

('1763866848784150534','1763866908695588866','AO:11079:10','1830','3','AO','1709373616752','1711519770739'),
('1763866848784150534','1763866907957391363','AO:11079:8','1828','1','AO','1709373616576','1711519770709'),
('1763866848784150534','1763866909878382597','AO:11079:9','1829','2','AO','1709373617034','1711519770608'),

('1763866848855453698','1763866909920325640','AO:11080:10','1830','3','AO','1709373617044','1719963305392'),
('1763866848855453698','1763866907848339458','AO:11080:8','1828','1','AO','1709373616550','1719963305387'),
('1763866848855453698','1763866909878382594','AO:11080:9','1829','2','AO','1709373617034','1719963304872'),

('1763866848939339778','1763866908662034438','AO:11081:10','1830','3','AO','1709373616744','1719963305380'),
('1763866848939339778','1763866908741726211','AO:11081:8','1828','1','AO','1709373616763','1711519770266'),
('1763866848939339778','1763866907881893890','AO:11081:9','1829','2','AO','1709373616558','1719963305332'),

('1763866848943534082','1763866909962268675','AO:11082:10','1830','3','AO','1709373617054','1719963305337'),
('1763866848943534082','1763866907630235653','AO:11082:8','1828','1','AO','1709373616498','1719963305355'),
('1763866848943534082','1763866909937102850','AO:11082:9','1829','2','AO','1709373617048','1719963305357'),

('1763866848817704961','1763866908754309125','AO:11083:15','1831','1','AO','1709373616766','1711519770817'),
('1763866848817704961','1763866909920325634','AO:11083:17','1832','3','AO','1709373617044','1711519770625');


------三方投注项多语言
INSERT INTO `i18n_market_category` (`name_code`,`flag`,`data_source_code`,`language_type`,`text`,`create_time`,`modify_time`) VALUES
('1763866907688955907','2','AO','en','{$competitor1}/{$competitor2}','1709373389732','1719962953463'),
('1763866907756064771','2','AO','en','draw/{$competitor2}','1709373389749','1719962953476'),
('1763866908594925570','2','AO','en','{$competitor1}/{$competitor1}','1709373389948','1719962952994'),
('1763866908603314178','2','AO','en','draw/{$competitor1}','1709373389953','1719962953459'),
('1763866909815468034','2','AO','en','{$competitor2}/{$competitor1}','1709373390236','1719962953464'),
('1763866909916131331','2','AO','en','{$competitor2}/{$competitor2}','1709373390264','1719962953403'),
('1763866909886771202','2','AO','en','yes','1709373390254','1719962953454'),
('1763866909890965507','2','AO','en','no','1709373390260','1711519517445'),
('1763866907911254022','2','AO','en','yes','1709373389793','1711519517401'),
('1763866909874188291','2','AO','en','no','1709373390251','1711519517521'),
('1763866909844828163','2','AO','en','{competitor2}','1709373390253','1719962953120'),
('1763866909844828166','2','AO','en','{competitor1}','1709373390251','1711519517390'),
('1763866907957391363','2','AO','en','{competitor1} or draw','1709373389794','1711519517583'),
('1763866908695588866','2','AO','en','{competitor2} or draw','1709373389975','1711519517624'),
('1763866909878382597','2','AO','en','{competitor1} or {competitor2}','1709373390257','1711519517483'),
('1763866907982557190','2','AO','en','{competitor1}','1709373389803','1719962953465'),
('1763866909849022467','2','AO','en','{competitor2}','1709373390251','1711519517459'),
('1763866907986751490','2','AO','en','no','1709373389805','1719962953464'),
('1763866908838195203','2','AO','en','yes','1709373390006','1719962953479'),
('1763866909895159813','2','AO','en','no','1709373390265','1719962953499'),
('1763866909911937027','2','AO','en','yes','1709373390262','1719962952996'),
('1763866907676372995','2','AO','en','no','1709373389728','1719962953516'),
('1763866908813029378','2','AO','en','yes','1709373389997','1711519517505'),
('1763866909928714243','2','AO','en','yes','1709373390268','1719962953113'),
('1763866909962268678','2','AO','en','no','1709373390274','1719962953526'),
('1763866908754309125','2','AO','en','{competitor1}','1709373389988','1711519517687'),
('1763866909920325634','2','AO','en','{competitor2}','1709373390260','1711519517492'),
('1763866907793813506','2','AO','en','no','1709373389758','1719962953512'),
('1763866908703977478','2','AO','en','yes','1709373389975','1711519517028'),
('1763866908020305928','2','AO','en','no','1709373389815','1719962953476'),
('1763866908821417987','2','AO','en','yes','1709373390003','1719962953488'),
('1763866907848339458','2','AO','en','{competitor1} or draw','1709373389770','1719962953533'),
('1763866909878382594','2','AO','en','{competitor1} or {competitor2}','1709373390266','1719962953016'),
('1763866909920325640','2','AO','en','{competitor2} or draw','1709373390261','1719962953537'),
('1763866908062248963','2','AO','en','2nd half','1709373389821','1711519517714'),
('1763866908611702787','2','AO','en','1st half','1709373389950','1711519517308'),
('1808283281845383171','2','AO','en','equal','1719962953470','1719962953470'),
('1763866907835756546','2','AO','en','{competitor2}','1709373389766','1719962953494'),
('1763866908662034435','2','AO','en','{competitor1}','1709373389969','1719962953477'),
('1763866909882576899','2','AO','en','yes','1709373390257','1711519517577'),
('1763866909899354114','2','AO','en','no','1709373390257','1719962953505'),
('1763866907881893890','2','AO','en','{competitor1} or {competitor2}','1709373389787','1719962953484'),
('1763866908662034438','2','AO','en','{competitor2} or draw','1709373389964','1719962953546'),
('1763866908741726211','2','AO','en','{competitor1} or draw','1709373389979','1711519517162'),
('1763866907630235653','2','AO','en','{competitor1} or draw','1709373389715','1719962953507'),
('1763866909937102850','2','AO','en','{competitor1} or {competitor2}','1709373390271','1719962953503'),
('1763866909962268675','2','AO','en','{competitor2} or draw','1709373390277','1719962953486');



--------标准玩法相关脚本
select * from standard_market_category where id in (41,400,401,402,403,404,405,406,407,3100408,3100409);


INSERT INTO `panda`.`standard_market_category`(`id`,`name_code`,`fields_num`,`multi_market`,`support_odds`,`template_pc`,`template_h5`,`status`,`order_no`,`create_time`,`modify_time`,`template_pc_client`,`template_h5_client`,`ao_status`) VALUES
(400,1720141525229879444,6,0,2,0,14,0,100,1720141994978,1720141994978,0,14,1),
(401,1720141525788002044,2,0,2,3,3,0,101,1720141994978,1720141994978,3,3,1),
(402,1720141525371197443,3,0,2,3,3,0,102,1720141994978,1720141994978,3,3,1),
(403,1720141525231672474,2,0,2,3,3,0,103,1720141994978,1720141994978,3,3,1),
(404,1720141525781775837,2,0,2,3,3,0,104,1720141994978,1720141994978,3,3,1),
(405,1720141525312677552,2,1,2,3,3,0,105,1720141994978,1720141994978,3,3,1),
(406,1720141525860664982,2,1,2,3,3,0,106,1720141994978,1720141994978,3,3,1),
(407,1720141525272589350,3,0,2,1,0,0,107,1720141994978,1720141994978,1,0,1),
(3100408,1720141525180000193,7,0,2,5,5,0,108,1720141994978,1720141994978,5,5,1),
(3100409,1720141525704981729,2,0,2,3,3,0,109,1720141994978,1720141994978,3,3,1);

--------标准玩法多语言

INSERT INTO `i18n_market_category` (`name_code`,`flag`,`data_source_code`,`language_type`,`text`,`create_time`,`modify_time`) VALUES
( 1194887146566164485,2,'AO','en','Will There Be Overtime',1720141994978,1720141994978),
( 1720141525229879444,2,'AO','en','Double Result (Including Overtime)',1720141994978,1720141994978),
( 1720141525788002044,2,'AO','en','First Team To Score',1720141994978,1720141994978),
( 1720141525371197443,2,'AO','en','Highest Scoring Half',1720141994978,1720141994978),
( 1720141525231672474,2,'AO','en','Last Team To Score',1720141994978,1720141994978),
( 1720141525781775837,2,'AO','en','2nd Half - Race to {pointnr} Points',1720141994978,1720141994978),
( 1720141525312677552,2,'AO','en','{!quarternr} Quarter - {$competitor1} to Score {pointnr} Points',1720141994978,1720141994978),
( 1720141525860664982,2,'AO','en','{!quarternr} Quarter - {$competitor2} to Score {pointnr} Points',1720141994978,1720141994978),
( 1720141525272589350,2,'AO','en','{!quarternr} Quarter Double Chance',1720141994978,1720141994978),
( 1720141525180000193,2,'AO','en','1st half - Winning Margin',1720141994978,1720141994978),
( 1720141525704981729,2,'AO','en','1st half - Race to {pointnr} Points',1720141994978,1720141994978),

( 1194887146566164485,2,'AO','zs','是否有加时赛',1720141994978,1720141994978),
( 1720141525229879444,2,'AO','zs','半场/全场',1720141994978,1720141994978),
( 1720141525788002044,2,'AO','zs','首个进球队伍',1720141994978,1720141994978),
( 1720141525371197443,2,'AO','zs','最高得分的半场',1720141994978,1720141994978),
( 1720141525231672474,2,'AO','zs','最后进球队伍',1720141994978,1720141994978),
( 1720141525781775837,2,'AO','zs','下半场首先获得{pointnr}分',1720141994978,1720141994978),
( 1720141525312677552,2,'AO','zs','{$competitor1}第{!quarternr}节获得{pointnr}分',1720141994978,1720141994978),
( 1720141525860664982,2,'AO','zs','{$competitor2}第{!quarternr}节获得{pointnr}分',1720141994978,1720141994978),
( 1720141525272589350,2,'AO','zs','第{!quarternr}节双重机会',1720141994978,1720141994978),
( 1720141525180000193,2,'AO','zs','上半场净胜分',1720141994978,1720141994978),
( 1720141525704981729,2,'AO','zs','上半场首先获得{pointnr}分',1720141994978,1720141994978),

( 1194887146566164485,2,'AO','zh','是否有加時賽',1720141994978,1720141994978),
( 1720141525229879444,2,'AO','zh','半場/全場',1720141994978,1720141994978),
( 1720141525788002044,2,'AO','zh','首個進球隊伍',1720141994978,1720141994978),
( 1720141525371197443,2,'AO','zh','最高得分的半場',1720141994978,1720141994978),
( 1720141525231672474,2,'AO','zh','最後進球隊伍',1720141994978,1720141994978),
( 1720141525781775837,2,'AO','zh','下半場首先獲得{pointnr}分',1720141994978,1720141994978),
( 1720141525312677552,2,'AO','zh','{$competitor1}第{!quarternr}節獲得{pointnr}分',1720141994978,1720141994978),
( 1720141525860664982,2,'AO','zh','{$competitor2}第{!quarternr}節獲得{pointnr}分',1720141994978,1720141994978),
( 1720141525272589350,2,'AO','zh','第{!quarternr}節雙重機會',1720141994978,1720141994978),
( 1720141525180000193,2,'AO','zh','上半場凈勝分',1720141994978,1720141994978),
( 1720141525704981729,2,'AO','zh','上半場首先獲得{pointnr}分',1720141994978,1720141994978);



--------标准赛种表处理
select * from standard_sport_market_category where  market_category_id in (41,400,401,402,403,404,405,406,407,3100408,3100409);


INSERT INTO `standard_sport_market_category` (`sport_id`,`market_category_id`,`name_code`,`desc_name_code`,`is_collapse`,`scope_id`,`status`,`ao_status`,`order_no`,`template_h5`,`template_pc`,`create_time`,`modify_time`,`template_pc_client`,`template_h5_client`,`detail_name_code`) VALUES
(2,400,1720141525229879444,1720141525229879444,1,3,0,1,1,14,0,1709373602369,1709373602369,0,14,0);
INSERT INTO `standard_sport_market_category` (`sport_id`,`market_category_id`,`name_code`,`desc_name_code`,`is_collapse`,`scope_id`,`status`,`ao_status`,`order_no`,`template_h5`,`template_pc`,`create_time`,`modify_time`,`template_pc_client`,`template_h5_client`,`detail_name_code`) VALUES
(2,401,1720141525788002044,1720141525788002044,1,3,0,1,2,3,3,1709373602369,1709373602369,3,3,0);
INSERT INTO `standard_sport_market_category` (`sport_id`,`market_category_id`,`name_code`,`desc_name_code`,`is_collapse`,`scope_id`,`status`,`ao_status`,`order_no`,`template_h5`,`template_pc`,`create_time`,`modify_time`,`template_pc_client`,`template_h5_client`,`detail_name_code`) VALUES
(2,402,1720141525371197443,1720141525371197443,1,3,0,1,3,3,3,1709373602369,1709373602369,3,3,0);
INSERT INTO `standard_sport_market_category` (`sport_id`,`market_category_id`,`name_code`,`desc_name_code`,`is_collapse`,`scope_id`,`status`,`ao_status`,`order_no`,`template_h5`,`template_pc`,`create_time`,`modify_time`,`template_pc_client`,`template_h5_client`,`detail_name_code`) VALUES
(2,403,1720141525231672474,1720141525231672474,1,3,0,1,4,3,3,1709373602369,1709373602369,3,3,0);
INSERT INTO `standard_sport_market_category` (`sport_id`,`market_category_id`,`name_code`,`desc_name_code`,`is_collapse`,`scope_id`,`status`,`ao_status`,`order_no`,`template_h5`,`template_pc`,`create_time`,`modify_time`,`template_pc_client`,`template_h5_client`,`detail_name_code`) VALUES
(2,404,1720141525781775837,1720141525781775837,1,2,0,1,5,3,3,1709373602369,1709373602369,3,3,0);
INSERT INTO `standard_sport_market_category` (`sport_id`,`market_category_id`,`name_code`,`desc_name_code`,`is_collapse`,`scope_id`,`status`,`ao_status`,`order_no`,`template_h5`,`template_pc`,`create_time`,`modify_time`,`template_pc_client`,`template_h5_client`,`detail_name_code`) VALUES
(2,405,1720141525312677552,1720141525312677552,1,18,0,1,6,3,3,1709373602369,1709373602369,3,3,0);
INSERT INTO `standard_sport_market_category` (`sport_id`,`market_category_id`,`name_code`,`desc_name_code`,`is_collapse`,`scope_id`,`status`,`ao_status`,`order_no`,`template_h5`,`template_pc`,`create_time`,`modify_time`,`template_pc_client`,`template_h5_client`,`detail_name_code`) VALUES
(2,406,1720141525860664982,1720141525860664982,1,18,0,1,7,3,3,1709373602369,1709373602369,3,3,0);
INSERT INTO `standard_sport_market_category` (`sport_id`,`market_category_id`,`name_code`,`desc_name_code`,`is_collapse`,`scope_id`,`status`,`ao_status`,`order_no`,`template_h5`,`template_pc`,`create_time`,`modify_time`,`template_pc_client`,`template_h5_client`,`detail_name_code`) VALUES
(2,407,1720141525272589350,1720141525272589350,1,18,0,1,8,0,1,1709373602369,1709373602369,1,0,0);
INSERT INTO `standard_sport_market_category` (`sport_id`,`market_category_id`,`name_code`,`desc_name_code`,`is_collapse`,`scope_id`,`status`,`ao_status`,`order_no`,`template_h5`,`template_pc`,`create_time`,`modify_time`,`template_pc_client`,`template_h5_client`,`detail_name_code`) VALUES
(2,3100408,1720141525180000193,1720141525180000193,1,1,0,1,9,5,5,1709373602369,1709373602369,5,5,0);
INSERT INTO `standard_sport_market_category` (`sport_id`,`market_category_id`,`name_code`,`desc_name_code`,`is_collapse`,`scope_id`,`status`,`ao_status`,`order_no`,`template_h5`,`template_pc`,`create_time`,`modify_time`,`template_pc_client`,`template_h5_client`,`detail_name_code`) VALUES
(2,3100409,1720141525704981729,1720141525704981729,1,1,0,1,10,3,3,1709373602369,1709373602369,3,3,0);










----------- 标准投注项处理



INSERT INTO `standard_market_category_field` (`id`,`market_category_id`,`name_code`,`order_no`,`create_time`,`modify_time`) VALUES
( 1809,400,1720226705691344963,1,1720141994978,1720141994978),
( 1810,400,1720226705881503077,3,1720141994978,1720141994978),
( 1811,400,1720226705629378326,4,1720141994978,1720141994978),
( 1812,400,1720226705829071287,6,1720141994978,1720141994978),
( 1813,400,1720226705881520710,7,1720141994978,1720141994978),
( 1814,400,1720226705611642583,8,1720141994978,1720141994978),
( 1815,401,1720151361227239260,1,1720141994978,1720141994978),
( 1816,401,1720151361891444448,3,1720141994978,1720141994978),
( 1817,402,1720151361177386125,1,1720141994978,1720141994978),
( 1818,402,1720151361792496553,2,1720141994978,1720141994978),
 ( 1819,402,1720151361558689017,3,1720141994978,1720141994978),
 ( 1820,403,1720151361384992515,1,1720141994978,1720141994978),
 ( 1821,403,1720151361682229927,3,1720141994978,1720141994978),
 ( 1822,404,1720151361340654333,1,1720141994978,1720141994978),
 (1823, 404,1720151361506994964,3,1720141994978,1720141994978),
 ( 1824,405,1720151361998456921,1,1720141994978,1720141994978),
( 1825,405,1720151361775688885,2,1720141994978,1720141994978),
(1826, 406,1720151361356903581,1,1720141994978,1720141994978),
( 1827,406,1720151361930011938,2,1720141994978,1720141994978),
( 1828,407,1720151361630500806,1,1720141994978,1720141994978),
( 1829,407,1720151361130516267,2,1720141994978,1720141994978),
( 1830,407,1720151361316278428,3,1720141994978,1720141994978),
( 1831,3100409,1720226705733686480,1,1720141994978,1720141994978),
( 1832,3100409,1720226705648429539,3,1720141994978,1720141994978);





--------标准投注项 多语言

INSERT INTO `i18n_market_category` (`name_code`,`flag`,`data_source_code`,`language_type`,`text`,`create_time`,`modify_time`) VALUES
( 1197714990270799911,2,'AO','en','yes',1720141994978,1720141994978);
INSERT INTO `i18n_market_category` (`name_code`,`flag`,`data_source_code`,`language_type`,`text`,`create_time`,`modify_time`) VALUES
( 1197714990270799912,2,'AO','en','no',1720141994978,1720141994978);

INSERT INTO `i18n_market_category` (`name_code`,`flag`,`data_source_code`,`language_type`,`text`,`create_time`,`modify_time`) VALUES
( 1720226705691344963,2,'AO','en','{$competitor1}/{$competitor1}',1720141994978,1720141994978);
INSERT INTO `i18n_market_category` (`name_code`,`flag`,`data_source_code`,`language_type`,`text`,`create_time`,`modify_time`) VALUES
( 1720226705881503077,2,'AO','en','{$competitor1}/{$competitor2}',1720141994978,1720141994978);
INSERT INTO `i18n_market_category` (`name_code`,`flag`,`data_source_code`,`language_type`,`text`,`create_time`,`modify_time`) VALUES
( 1720226705629378326,2,'AO','en','Equals/{$competitor1}',1720141994978,1720141994978);
INSERT INTO `i18n_market_category` (`name_code`,`flag`,`data_source_code`,`language_type`,`text`,`create_time`,`modify_time`) VALUES
( 1720226705829071287,2,'AO','en','Equals/{$competitor2}',1720141994978,1720141994978);
INSERT INTO `i18n_market_category` (`name_code`,`flag`,`data_source_code`,`language_type`,`text`,`create_time`,`modify_time`) VALUES
( 1720226705881520710,2,'AO','en','{$competitor2}/{$competitor1}',1720141994978,1720141994978);
INSERT INTO `i18n_market_category` (`name_code`,`flag`,`data_source_code`,`language_type`,`text`,`create_time`,`modify_time`) VALUES
( 1720226705611642583,2,'AO','en','{$competitor2}/{$competitor2}',1720141994978,1720141994978);
INSERT INTO `i18n_market_category` (`name_code`,`flag`,`data_source_code`,`language_type`,`text`,`create_time`,`modify_time`) VALUES
( 1720151361227239260,2,'AO','en','{$competitor1}',1720141994978,1720141994978);
INSERT INTO `i18n_market_category` (`name_code`,`flag`,`data_source_code`,`language_type`,`text`,`create_time`,`modify_time`) VALUES
( 1720151361891444448,2,'AO','en','{$competitor2}',1720141994978,1720141994978);
INSERT INTO `i18n_market_category` (`name_code`,`flag`,`data_source_code`,`language_type`,`text`,`create_time`,`modify_time`) VALUES
( 1720151361177386125,2,'AO','en','First Half',1720141994978,1720141994978);
INSERT INTO `i18n_market_category` (`name_code`,`flag`,`data_source_code`,`language_type`,`text`,`create_time`,`modify_time`) VALUES
( 1720151361792496553,2,'AO','en','Second Half',1720141994978,1720141994978);
INSERT INTO `i18n_market_category` (`name_code`,`flag`,`data_source_code`,`language_type`,`text`,`create_time`,`modify_time`) VALUES
( 1720151361558689017,2,'AO','en','Equals',1720141994978,1720141994978);
INSERT INTO `i18n_market_category` (`name_code`,`flag`,`data_source_code`,`language_type`,`text`,`create_time`,`modify_time`) VALUES
( 1720151361384992515,2,'AO','en','{$competitor1}',1720141994978,1720141994978);
INSERT INTO `i18n_market_category` (`name_code`,`flag`,`data_source_code`,`language_type`,`text`,`create_time`,`modify_time`) VALUES
( 1720151361682229927,2,'AO','en','{$competitor2}',1720141994978,1720141994978);
INSERT INTO `i18n_market_category` (`name_code`,`flag`,`data_source_code`,`language_type`,`text`,`create_time`,`modify_time`) VALUES
( 1720151361340654333,2,'AO','en','{$competitor1}',1720141994978,1720141994978);
INSERT INTO `i18n_market_category` (`name_code`,`flag`,`data_source_code`,`language_type`,`text`,`create_time`,`modify_time`) VALUES
( 1720151361506994964,2,'AO','en','{$competitor2}',1720141994978,1720141994978);
INSERT INTO `i18n_market_category` (`name_code`,`flag`,`data_source_code`,`language_type`,`text`,`create_time`,`modify_time`) VALUES
( 1720151361998456921,2,'AO','en','Yes',1720141994978,1720141994978);
INSERT INTO `i18n_market_category` (`name_code`,`flag`,`data_source_code`,`language_type`,`text`,`create_time`,`modify_time`) VALUES
( 1720151361775688885,2,'AO','en','No',1720141994978,1720141994978);
INSERT INTO `i18n_market_category` (`name_code`,`flag`,`data_source_code`,`language_type`,`text`,`create_time`,`modify_time`) VALUES
( 1720151361356903581,2,'AO','en','Yes',1720141994978,1720141994978);
INSERT INTO `i18n_market_category` (`name_code`,`flag`,`data_source_code`,`language_type`,`text`,`create_time`,`modify_time`) VALUES
( 1720151361930011938,2,'AO','en','No',1720141994978,1720141994978);
INSERT INTO `i18n_market_category` (`name_code`,`flag`,`data_source_code`,`language_type`,`text`,`create_time`,`modify_time`) VALUES
( 1720151361630500806,2,'AO','en','{$competitor1}/Equals',1720141994978,1720141994978);
INSERT INTO `i18n_market_category` (`name_code`,`flag`,`data_source_code`,`language_type`,`text`,`create_time`,`modify_time`) VALUES
( 1720151361130516267,2,'AO','en','{$competitor1}/{$competitor2}',1720141994978,1720141994978);
INSERT INTO `i18n_market_category` (`name_code`,`flag`,`data_source_code`,`language_type`,`text`,`create_time`,`modify_time`) VALUES
( 1720151361316278428,2,'AO','en','Equals/{$competitor2}',1720141994978,1720141994978);
INSERT INTO `i18n_market_category` (`name_code`,`flag`,`data_source_code`,`language_type`,`text`,`create_time`,`modify_time`) VALUES
( 1720226705733686480,2,'AO','en','{$competitor1}',1720141994978,1720141994978);
INSERT INTO `i18n_market_category` (`name_code`,`flag`,`data_source_code`,`language_type`,`text`,`create_time`,`modify_time`) VALUES
( 1720226705648429539,2,'AO','en','{$competitor2}',1720141994978,1720141994978);



INSERT INTO `i18n_market_category` (`name_code`,`flag`,`data_source_code`,`language_type`,`text`,`create_time`,`modify_time`) VALUES
( 1197714990270799911,2,'AO','zh','是',1720141994978,1720141994978);
INSERT INTO `i18n_market_category` (`name_code`,`flag`,`data_source_code`,`language_type`,`text`,`create_time`,`modify_time`) VALUES
( 1197714990270799912,2,'AO','zh','否',1720141994978,1720141994978);
INSERT INTO `i18n_market_category` (`name_code`,`flag`,`data_source_code`,`language_type`,`text`,`create_time`,`modify_time`) VALUES
( 1720226705691344963,2,'AO','zh','{$competitor1}/{$competitor1}',1720141994978,1720141994978);
INSERT INTO `i18n_market_category` (`name_code`,`flag`,`data_source_code`,`language_type`,`text`,`create_time`,`modify_time`) VALUES
( 1720226705881503077,2,'AO','zh','{$competitor1}/{$competitor2}',1720141994978,1720141994978);
INSERT INTO `i18n_market_category` (`name_code`,`flag`,`data_source_code`,`language_type`,`text`,`create_time`,`modify_time`) VALUES
( 1720226705629378326,2,'AO','zh','平局/{$competitor1}',1720141994978,1720141994978);
INSERT INTO `i18n_market_category` (`name_code`,`flag`,`data_source_code`,`language_type`,`text`,`create_time`,`modify_time`) VALUES
( 1720226705829071287,2,'AO','zh','平局/{$competitor2}',1720141994978,1720141994978);
INSERT INTO `i18n_market_category` (`name_code`,`flag`,`data_source_code`,`language_type`,`text`,`create_time`,`modify_time`) VALUES
( 1720226705881520710,2,'AO','zh','{$competitor2}/{$competitor1}',1720141994978,1720141994978);
INSERT INTO `i18n_market_category` (`name_code`,`flag`,`data_source_code`,`language_type`,`text`,`create_time`,`modify_time`) VALUES
( 1720226705611642583,2,'AO','zh','{$competitor2}/{$competitor2}',1720141994978,1720141994978);
INSERT INTO `i18n_market_category` (`name_code`,`flag`,`data_source_code`,`language_type`,`text`,`create_time`,`modify_time`) VALUES
( 1720151361227239260,2,'AO','zh','{$competitor1}',1720141994978,1720141994978);
INSERT INTO `i18n_market_category` (`name_code`,`flag`,`data_source_code`,`language_type`,`text`,`create_time`,`modify_time`) VALUES
( 1720151361891444448,2,'AO','zh','{$competitor2}',1720141994978,1720141994978);
INSERT INTO `i18n_market_category` (`name_code`,`flag`,`data_source_code`,`language_type`,`text`,`create_time`,`modify_time`) VALUES
( 1720151361177386125,2,'AO','zh','上半場',1720141994978,1720141994978);
INSERT INTO `i18n_market_category` (`name_code`,`flag`,`data_source_code`,`language_type`,`text`,`create_time`,`modify_time`) VALUES
( 1720151361792496553,2,'AO','zh','下半場',1720141994978,1720141994978);
INSERT INTO `i18n_market_category` (`name_code`,`flag`,`data_source_code`,`language_type`,`text`,`create_time`,`modify_time`) VALUES
( 1720151361558689017,2,'AO','zh','平局',1720141994978,1720141994978);
INSERT INTO `i18n_market_category` (`name_code`,`flag`,`data_source_code`,`language_type`,`text`,`create_time`,`modify_time`) VALUES
( 1720151361384992515,2,'AO','zh','{$competitor1}',1720141994978,1720141994978);
INSERT INTO `i18n_market_category` (`name_code`,`flag`,`data_source_code`,`language_type`,`text`,`create_time`,`modify_time`) VALUES
( 1720151361682229927,2,'AO','zh','{$competitor2}',1720141994978,1720141994978);
INSERT INTO `i18n_market_category` (`name_code`,`flag`,`data_source_code`,`language_type`,`text`,`create_time`,`modify_time`) VALUES
( 1720151361340654333,2,'AO','zh','{$competitor1}',1720141994978,1720141994978);
INSERT INTO `i18n_market_category` (`name_code`,`flag`,`data_source_code`,`language_type`,`text`,`create_time`,`modify_time`) VALUES
( 1720151361506994964,2,'AO','zh','{$competitor2}',1720141994978,1720141994978);
INSERT INTO `i18n_market_category` (`name_code`,`flag`,`data_source_code`,`language_type`,`text`,`create_time`,`modify_time`) VALUES
( 1720151361998456921,2,'AO','zh','是',1720141994978,1720141994978);
INSERT INTO `i18n_market_category` (`name_code`,`flag`,`data_source_code`,`language_type`,`text`,`create_time`,`modify_time`) VALUES
( 1720151361775688885,2,'AO','zh','否',1720141994978,1720141994978);
INSERT INTO `i18n_market_category` (`name_code`,`flag`,`data_source_code`,`language_type`,`text`,`create_time`,`modify_time`) VALUES
( 1720151361356903581,2,'AO','zh','是',1720141994978,1720141994978);
INSERT INTO `i18n_market_category` (`name_code`,`flag`,`data_source_code`,`language_type`,`text`,`create_time`,`modify_time`) VALUES
( 1720151361930011938,2,'AO','zh','否',1720141994978,1720141994978);
INSERT INTO `i18n_market_category` (`name_code`,`flag`,`data_source_code`,`language_type`,`text`,`create_time`,`modify_time`) VALUES
( 1720151361630500806,2,'AO','zh','{$competitor1}/平局',1720141994978,1720141994978);
INSERT INTO `i18n_market_category` (`name_code`,`flag`,`data_source_code`,`language_type`,`text`,`create_time`,`modify_time`) VALUES
( 1720151361130516267,2,'AO','zh','{$competitor1}/{$competitor2}',1720141994978,1720141994978);
INSERT INTO `i18n_market_category` (`name_code`,`flag`,`data_source_code`,`language_type`,`text`,`create_time`,`modify_time`) VALUES
( 1720151361316278428,2,'AO','zh','平局/{$competitor2}',1720141994978,1720141994978);
INSERT INTO `i18n_market_category` (`name_code`,`flag`,`data_source_code`,`language_type`,`text`,`create_time`,`modify_time`) VALUES
( 1720226705733686480,2,'AO','zh','{$competitor1}',1720141994978,1720141994978);
INSERT INTO `i18n_market_category` (`name_code`,`flag`,`data_source_code`,`language_type`,`text`,`create_time`,`modify_time`) VALUES
( 1720226705648429539,2,'AO','zh','{$competitor2}',1720141994978,1720141994978);



INSERT INTO `i18n_market_category` (`name_code`,`flag`,`data_source_code`,`language_type`,`text`,`create_time`,`modify_time`) VALUES
( 1197714990270799911,2,'AO','zs','是',1720141994978,1720141994978);
INSERT INTO `i18n_market_category` (`name_code`,`flag`,`data_source_code`,`language_type`,`text`,`create_time`,`modify_time`) VALUES
( 1197714990270799912,2,'AO','zs','否',1720141994978,1720141994978);
INSERT INTO `i18n_market_category` (`name_code`,`flag`,`data_source_code`,`language_type`,`text`,`create_time`,`modify_time`) VALUES
( 1720226705691344963,2,'AO','zs','{$competitor1}/{$competitor1}',1720141994978,1720141994978);
INSERT INTO `i18n_market_category` (`name_code`,`flag`,`data_source_code`,`language_type`,`text`,`create_time`,`modify_time`) VALUES
( 1720226705881503077,2,'AO','zs','{$competitor1}/{$competitor2}',1720141994978,1720141994978);
INSERT INTO `i18n_market_category` (`name_code`,`flag`,`data_source_code`,`language_type`,`text`,`create_time`,`modify_time`) VALUES
( 1720226705629378326,2,'AO','zs','平局/{$competitor1}',1720141994978,1720141994978);
INSERT INTO `i18n_market_category` (`name_code`,`flag`,`data_source_code`,`language_type`,`text`,`create_time`,`modify_time`) VALUES
( 1720226705829071287,2,'AO','zs','平局/{$competitor2}',1720141994978,1720141994978);
INSERT INTO `i18n_market_category` (`name_code`,`flag`,`data_source_code`,`language_type`,`text`,`create_time`,`modify_time`) VALUES
( 1720226705881520710,2,'AO','zs','{$competitor2}/{$competitor1}',1720141994978,1720141994978);
INSERT INTO `i18n_market_category` (`name_code`,`flag`,`data_source_code`,`language_type`,`text`,`create_time`,`modify_time`) VALUES
( 1720226705611642583,2,'AO','zs','{$competitor2}/{$competitor2}',1720141994978,1720141994978);
INSERT INTO `i18n_market_category` (`name_code`,`flag`,`data_source_code`,`language_type`,`text`,`create_time`,`modify_time`) VALUES
( 1720151361227239260,2,'AO','zs','{$competitor1}',1720141994978,1720141994978);
INSERT INTO `i18n_market_category` (`name_code`,`flag`,`data_source_code`,`language_type`,`text`,`create_time`,`modify_time`) VALUES
( 1720151361891444448,2,'AO','zs','{$competitor2}',1720141994978,1720141994978);
INSERT INTO `i1008n_market_category` (`name_code`,`flag`,`data_source_code`,`language_type`,`text`,`create_time`,`modify_time`) VALUES
( 1720151361177386125,2,'AO','zs','上半场',1720141994978,1720141994978);
INSERT INTO `i18n_market_category` (`name_code`,`flag`,`data_source_code`,`language_type`,`text`,`create_time`,`modify_time`) VALUES
( 1720151361792496553,2,'AO','zs','下半场',1720141994978,1720141994978);
INSERT INTO `i18n_market_category` (`name_code`,`flag`,`data_source_code`,`language_type`,`text`,`create_time`,`modify_time`) VALUES
( 1720151361558689017,2,'AO','zs','平局',1720141994978,1720141994978);
INSERT INTO `i18n_market_category` (`name_code`,`flag`,`data_source_code`,`language_type`,`text`,`create_time`,`modify_time`) VALUES
( 1720151361384992515,2,'AO','zs','{$competitor1}',1720141994978,1720141994978);
INSERT INTO `i18n_market_category` (`name_code`,`flag`,`data_source_code`,`language_type`,`text`,`create_time`,`modify_time`) VALUES
( 1720151361682229927,2,'AO','zs','{$competitor2}',1720141994978,1720141994978);
INSERT INTO `i18n_market_category` (`name_code`,`flag`,`data_source_code`,`language_type`,`text`,`create_time`,`modify_time`) VALUES
( 1720151361340654333,2,'AO','zs','{$competitor1}',1720141994978,1720141994978);
INSERT INTO `i18n_market_category` (`name_code`,`flag`,`data_source_code`,`language_type`,`text`,`create_time`,`modify_time`) VALUES
( 1720151361506994964,2,'AO','zs','{$competitor2}',1720141994978,1720141994978);
INSERT INTO `i18n_market_category` (`name_code`,`flag`,`data_source_code`,`language_type`,`text`,`create_time`,`modify_time`) VALUES
( 1720151361998456921,2,'AO','zs','是',1720141994978,1720141994978);
INSERT INTO `i18n_market_category` (`name_code`,`flag`,`data_source_code`,`language_type`,`text`,`create_time`,`modify_time`) VALUES
( 1720151361775688885,2,'AO','zs','否',1720141994978,1720141994978);
INSERT INTO `i18n_market_category` (`name_code`,`flag`,`data_source_code`,`language_type`,`text`,`create_time`,`modify_time`) VALUES
( 1720151361356903581,2,'AO','zs','是',1720141994978,1720141994978);
INSERT INTO `i18n_market_category` (`name_code`,`flag`,`data_source_code`,`language_type`,`text`,`create_time`,`modify_time`) VALUES
( 1720151361930011938,2,'AO','zs','否',1720141994978,1720141994978);
INSERT INTO `i18n_market_category` (`name_code`,`flag`,`data_source_code`,`language_type`,`text`,`create_time`,`modify_time`) VALUES
( 1720151361630500806,2,'AO','zs','{$competitor1}/平局',1720141994978,1720141994978);
INSERT INTO `i18n_market_category` (`name_code`,`flag`,`data_source_code`,`language_type`,`text`,`create_time`,`modify_time`) VALUES
( 1720151361130516267,2,'AO','zs','{$competitor1}/{$competitor2}',1720141994978,1720141994978);
INSERT INTO `i18n_market_category` (`name_code`,`flag`,`data_source_code`,`language_type`,`text`,`create_time`,`modify_time`) VALUES
( 1720151361316278428,2,'AO','zs','平局/{$competitor2}',1720141994978,1720141994978);
INSERT INTO `i18n_market_category` (`name_code`,`flag`,`data_source_code`,`language_type`,`text`,`create_time`,`modify_time`) VALUES
( 1720226705733686480,2,'AO','zs','{$competitor1}',1720141994978,1720141994978);
INSERT INTO `i18n_market_category` (`name_code`,`flag`,`data_source_code`,`language_type`,`text`,`create_time`,`modify_time`) VALUES
( 1720226705648429539,2,'AO','zs','{$competitor2}',1720141994978,1720141994978);


-----更新标准玩法时间
update `standard_market_category` set modify_time = UNIX_TIMESTAMP()*1000 where id in (41,400,401,402,403,404,405,406,407,3100408,3100409);




